Telemetry_UID,State,District,Tahsil,Block,Village,Latitude,Longitude,Date & Time,Battery (V),Water Temperature (°C),Water Level (m),Barometric Pressure (mH2O),DWLR Depth(m),Well Depth(m)
CGWKOL0166,Madhya Pradesh,Agarmalwa,Susner,Susner,Soyat(Deep),24.1472,76.1603,04-01-2024 06:00,3.6,28.57,-8.25,943.102,-11.9,-26.9
CGWKOL0166,Madhya Pradesh,Agarmalwa,Susner,Susner,Soyat(Deep),24.1472,76.1603,04-01-2024 12:00,3.6,28.51,-8.25,943.101,-11.9,-26.9
CGWKOL0166,Madhya Pradesh,Agarmalwa,Susner,Susner,Soyat(Deep),24.1472,76.1603,30-03-2024 06:00,3.61,26.99,-7.38,970.86,-11.9,-26.9
CGWKOL0166,Madhya Pradesh,Agarmalwa,Susner,Susner,Soyat(Deep),24.1472,76.1603,30-03-2024 12:00,3.61,26.99,-7.39,972.82,-11.9,-26.9
CGWKOL0166,Madhya Pradesh,Agarmalwa,Susner,Susner,Soyat(Deep),24.1472,76.1603,30-03-2024 18:00,3.61,27.03,-7.4,970.07,-11.9,-26.9
CGWKOL0166,Madhya Pradesh,Agarmalwa,Susner,Susner,Soyat(Deep),24.1472,76.1603,31-03-2024 00:00,3.61,26.99,-7.4,972.55,-11.9,-26.9
CGWKOL0166,Madhya Pradesh,Agarmalwa,Susner,Susner,Soyat(Deep),24.1472,76.1603,31-03-2024 06:00,3.61,26.99,-7.4,973.25,-11.9,-26.9
CGWKOL0166,Madhya Pradesh,Agarmalwa,Susner,Susner,Soyat(Deep),24.1472,76.1603,31-03-2024 12:00,3.61,26.99,-7.4,974.53,-11.9,-26.9
CGWKOL0166,Madhya Pradesh,Agarmalwa,Susner,Susner,Soyat(Deep),24.1472,76.1603,31-03-2024 18:00,3.61,26.99,-7.4,970.21,-11.9,-26.9
CGWKOL0166,Madhya Pradesh,Agarmalwa,Susner,Susner,Soyat(Deep),24.1472,76.1603,01-04-2024 00:00,3.61,27.03,-7.4,971.19,-11.9,-26.9
CGWKOL0166,Madhya Pradesh,Agarmalwa,Susner,Susner,Soyat(Deep),24.1472,76.1603,01-04-2024 06:00,3.59,27.1,-7.39,969.97,-11.9,-26.9
CGWKOL0166,Madhya Pradesh,Agarmalwa,Susner,Susner,Soyat(Deep),24.1472,76.1603,01-04-2024 12:00,3.59,27.01,-7.4,971.05,-11.9,-26.9
CGWKOL0166,Madhya Pradesh,Agarmalwa,Susner,Susner,Soyat(Deep),24.1472,76.1603,01-04-2024 18:00,3.59,27.03,-7.45,967.4,-11.9,-26.9
CGWKOL0166,Madhya Pradesh,Agarmalwa,Susner,Susner,Soyat(Deep),24.1472,76.1603,02-04-2024 00:00,3.59,26.99,-7.43,968.98,-11.9,-26.9
CGWKOL0166,Madhya Pradesh,Agarmalwa,Susner,Susner,Soyat(Deep),24.1472,76.1603,02-04-2024 06:00,3.53,27.03,-7.43,968.12,-11.9,-26.9
CGWKOL0166,Madhya Pradesh,Agarmalwa,Susner,Susner,Soyat(Deep),24.1472,76.1603,02-04-2024 12:00,3.53,27.05,-7.42,969.43,-11.9,-26.9
CGWKOL0166,Madhya Pradesh,Agarmalwa,Susner,Susner,Soyat(Deep),24.1472,76.1603,02-04-2024 18:00,3.53,27.07,-7.48,966.22,-11.9,-26.9
CGWKOL0166,Madhya Pradesh,Agarmalwa,Susner,Susner,Soyat(Deep),24.1472,76.1603,03-04-2024 00:00,3.53,26.99,-7.46,969.34,-11.9,-26.9
CGWKOL0166,Madhya Pradesh,Agarmalwa,Susner,Susner,Soyat(Deep),24.1472,76.1603,03-04-2024 06:00,3.53,27.03,-7.45,968.98,-11.9,-26.9
CGWKOL0166,Madhya Pradesh,Agarmalwa,Susner,Susner,Soyat(Deep),24.1472,76.1603,03-04-2024 12:00,3.53,27.03,-7.45,970.58,-11.9,-26.9
CGWKOL0166,Madhya Pradesh,Agarmalwa,Susner,Susner,Soyat(Deep),24.1472,76.1603,03-04-2024 18:00,3.53,27.03,-7.45,967.01,-11.9,-26.9
CGWKOL0166,Madhya Pradesh,Agarmalwa,Susner,Susner,Soyat(Deep),24.1472,76.1603,04-04-2024 00:00,3.53,27.01,-7.45,969.7,-11.9,-26.9
CGWKOL0166,Madhya Pradesh,Agarmalwa,Susner,Susner,Soyat(Deep),24.1472,76.1603,04-04-2024 06:00,3.53,27.01,-7.45,968.97,-11.9,-26.9
CGWKOL0166,Madhya Pradesh,Agarmalwa,Susner,Susner,Soyat(Deep),24.1472,76.1603,04-04-2024 12:00,3.53,27.01,-7.45,971.52,-11.9,-26.9
CGWKOL0166,Madhya Pradesh,Agarmalwa,Susner,Susner,Soyat(Deep),24.1472,76.1603,04-04-2024 18:00,3.53,27.01,-7.46,968.93,-11.9,-26.9
CGWKOL0166,Madhya Pradesh,Agarmalwa,Susner,Susner,Soyat(Deep),24.1472,76.1603,05-04-2024 00:00,3.53,27.01,-7.45,970.5,-11.9,-26.9
CGWKOL0166,Madhya Pradesh,Agarmalwa,Susner,Susner,Soyat(Deep),24.1472,76.1603,05-04-2024 06:00,3.53,27.07,-7.45,969.39,-11.9,-26.9
CGWKOL0166,Madhya Pradesh,Agarmalwa,Susner,Susner,Soyat(Deep),24.1472,76.1603,05-04-2024 12:00,3.53,27.03,-7.46,971.04,-11.9,-26.9
CGWKOL0166,Madhya Pradesh,Agarmalwa,Susner,Susner,Soyat(Deep),24.1472,76.1603,05-04-2024 18:00,3.53,27.05,-7.46,967.95,-11.9,-26.9
CGWKOL0166,Madhya Pradesh,Agarmalwa,Susner,Susner,Soyat(Deep),24.1472,76.1603,06-04-2024 00:00,3.53,27.05,-7.45,969.4,-11.9,-26.9
CGWKOL0166,Madhya Pradesh,Agarmalwa,Susner,Susner,Soyat(Deep),24.1472,76.1603,06-04-2024 06:00,3.53,27.05,-7.45,968.95,-11.9,-26.9
CGWKOL0166,Madhya Pradesh,Agarmalwa,Susner,Susner,Soyat(Deep),24.1472,76.1603,06-04-2024 12:00,3.53,27.03,-7.45,970.41,-11.9,-26.9
CGWKOL0166,Madhya Pradesh,Agarmalwa,Susner,Susner,Soyat(Deep),24.1472,76.1603,06-04-2024 18:00,3.53,27.01,-7.45,966.82,-11.9,-26.9
CGWKOL0166,Madhya Pradesh,Agarmalwa,Susner,Susner,Soyat(Deep),24.1472,76.1603,07-04-2024 00:00,3.53,26.97,-7.45,969.06,-11.9,-26.9
CGWKOL0166,Madhya Pradesh,Agarmalwa,Susner,Susner,Soyat(Deep),24.1472,76.1603,07-04-2024 06:00,3.59,27.07,-7.45,968.43,-11.9,-26.9
CGWKOL0166,Madhya Pradesh,Agarmalwa,Susner,Susner,Soyat(Deep),24.1472,76.1603,07-04-2024 12:00,3.59,27.05,-7.44,969.75,-11.9,-26.9
CGWKOL0166,Madhya Pradesh,Agarmalwa,Susner,Susner,Soyat(Deep),24.1472,76.1603,07-04-2024 18:00,3.59,26.99,-7.44,966.02,-11.9,-26.9
CGWKOL0166,Madhya Pradesh,Agarmalwa,Susner,Susner,Soyat(Deep),24.1472,76.1603,08-04-2024 00:00,3.59,27.03,-7.45,969.01,-11.9,-26.9
CGWKOL0166,Madhya Pradesh,Agarmalwa,Susner,Susner,Soyat(Deep),24.1472,76.1603,17-04-2024 06:00,3.6,26.97,-7.49,969.65,-11.9,-26.9
CGWKOL0166,Madhya Pradesh,Agarmalwa,Susner,Susner,Soyat(Deep),24.1472,76.1603,17-04-2024 12:00,3.6,27.01,-7.49,971.2,-11.9,-26.9
CGWKOL0166,Madhya Pradesh,Agarmalwa,Susner,Susner,Soyat(Deep),24.1472,76.1603,17-04-2024 18:00,3.6,26.99,-7.5,967.92,-11.9,-26.9
CGWKOL0166,Madhya Pradesh,Agarmalwa,Susner,Susner,Soyat(Deep),24.1472,76.1603,18-04-2024 00:00,3.6,27.01,-7.49,969.72,-11.9,-26.9
CGWKOL0166,Madhya Pradesh,Agarmalwa,Susner,Susner,Soyat(Deep),24.1472,76.1603,18-04-2024 06:00,3.6,26.97,-7.49,969.07,-11.9,-26.9
CGWKOL0166,Madhya Pradesh,Agarmalwa,Susner,Susner,Soyat(Deep),24.1472,76.1603,18-04-2024 12:00,3.6,26.97,-7.5,969.84,-11.9,-26.9
CGWKOL0166,Madhya Pradesh,Agarmalwa,Susner,Susner,Soyat(Deep),24.1472,76.1603,18-04-2024 18:00,3.6,26.97,-7.49,965.47,-11.9,-26.9
CGWKOL0166,Madhya Pradesh,Agarmalwa,Susner,Susner,Soyat(Deep),24.1472,76.1603,19-04-2024 00:00,3.6,27.01,-7.49,968.45,-11.9,-26.9
CGWKOL0166,Madhya Pradesh,Agarmalwa,Susner,Susner,Soyat(Deep),24.1472,76.1603,19-04-2024 18:00,3.37,27.07,-7.48,964.35,-11.9,-26.9
CGWKOL0166,Madhya Pradesh,Agarmalwa,Susner,Susner,Soyat(Deep),24.1472,76.1603,20-04-2024 00:00,3.37,27.01,-7.48,967.41,-11.9,-26.9
CGWKOL0166,Madhya Pradesh,Agarmalwa,Susner,Susner,Soyat(Deep),24.1472,76.1603,20-04-2024 06:00,3.37,26.99,-7.47,966.44,-11.9,-26.9
CGWKOL0166,Madhya Pradesh,Agarmalwa,Susner,Susner,Soyat(Deep),24.1472,76.1603,20-04-2024 12:00,3.37,27.01,-7.48,967.56,-11.9,-26.9
CGWKOL0166,Madhya Pradesh,Agarmalwa,Susner,Susner,Soyat(Deep),24.1472,76.1603,20-04-2024 18:00,3.37,27.01,-7.51,964.57,-11.9,-26.9
CGWKOL0166,Madhya Pradesh,Agarmalwa,Susner,Susner,Soyat(Deep),24.1472,76.1603,21-04-2024 00:00,3.37,27.05,-7.5,967.99,-11.9,-26.9
CGWKOL0166,Madhya Pradesh,Agarmalwa,Susner,Susner,Soyat(Deep),24.1472,76.1603,21-04-2024 06:00,3.37,27.05,-7.49,967.57,-11.9,-26.9
CGWKOL0166,Madhya Pradesh,Agarmalwa,Susner,Susner,Soyat(Deep),24.1472,76.1603,21-04-2024 12:00,3.37,27.01,-7.48,968.98,-11.9,-26.9
CGWKOL0166,Madhya Pradesh,Agarmalwa,Susner,Susner,Soyat(Deep),24.1472,76.1603,21-04-2024 18:00,3.37,27.03,-7.49,965.49,-11.9,-26.9
CGWKOL0166,Madhya Pradesh,Agarmalwa,Susner,Susner,Soyat(Deep),24.1472,76.1603,22-04-2024 00:00,3.37,27.01,-7.49,967.79,-11.9,-26.9
CGWKOL0166,Madhya Pradesh,Agarmalwa,Susner,Susner,Soyat(Deep),24.1472,76.1603,22-04-2024 06:00,3.37,26.97,-7.48,968.19,-11.9,-26.9
CGWKOL0166,Madhya Pradesh,Agarmalwa,Susner,Susner,Soyat(Deep),24.1472,76.1603,22-04-2024 12:00,3.37,26.99,-7.49,969.69,-11.9,-26.9
CGWKOL0166,Madhya Pradesh,Agarmalwa,Susner,Susner,Soyat(Deep),24.1472,76.1603,22-04-2024 18:00,3.37,27.03,-7.51,965.79,-11.9,-26.9
CGWKOL0166,Madhya Pradesh,Agarmalwa,Susner,Susner,Soyat(Deep),24.1472,76.1603,23-04-2024 00:00,3.37,27.03,-7.5,967.97,-11.9,-26.9
CGWKOL0166,Madhya Pradesh,Agarmalwa,Susner,Susner,Soyat(Deep),24.1472,76.1603,23-04-2024 06:00,3.37,27.03,-7.48,967.19,-11.9,-26.9
CGWKOL0166,Madhya Pradesh,Agarmalwa,Susner,Susner,Soyat(Deep),24.1472,76.1603,23-04-2024 12:00,3.37,27.05,-7.53,968.56,-11.9,-26.9
CGWKOL0166,Madhya Pradesh,Agarmalwa,Susner,Susner,Soyat(Deep),24.1472,76.1603,23-04-2024 18:00,3.37,27.03,-7.53,964.6,-11.9,-26.9
CGWKOL0166,Madhya Pradesh,Agarmalwa,Susner,Susner,Soyat(Deep),24.1472,76.1603,24-04-2024 00:00,3.37,27.07,-7.51,966.53,-11.9,-26.9
CGWKOL0166,Madhya Pradesh,Agarmalwa,Susner,Susner,Soyat(Deep),24.1472,76.1603,24-04-2024 06:00,3.37,27.1,-7.49,966.34,-11.9,-26.9
CGWKOL0166,Madhya Pradesh,Agarmalwa,Susner,Susner,Soyat(Deep),24.1472,76.1603,24-04-2024 12:00,3.37,27.03,-7.5,968.14,-11.9,-26.9
CGWKOL0166,Madhya Pradesh,Agarmalwa,Susner,Susner,Soyat(Deep),24.1472,76.1603,24-04-2024 18:00,3.37,27.05,-7.49,964.79,-11.9,-26.9
CGWKOL0166,Madhya Pradesh,Agarmalwa,Susner,Susner,Soyat(Deep),24.1472,76.1603,25-04-2024 00:00,3.37,27.1,-7.48,967.45,-11.9,-26.9
CGWKOL0166,Madhya Pradesh,Agarmalwa,Susner,Susner,Soyat(Deep),24.1472,76.1603,25-04-2024 06:00,3.37,27.05,-7.48,967.02,-11.9,-26.9
CGWKOL0166,Madhya Pradesh,Agarmalwa,Susner,Susner,Soyat(Deep),24.1472,76.1603,25-04-2024 12:00,3.37,27.03,-7.48,968.46,-11.9,-26.9
CGWKOL0166,Madhya Pradesh,Agarmalwa,Susner,Susner,Soyat(Deep),24.1472,76.1603,25-04-2024 18:00,3.37,26.99,-7.48,965.17,-11.9,-26.9
CGWKOL0166,Madhya Pradesh,Agarmalwa,Susner,Susner,Soyat(Deep),24.1472,76.1603,26-04-2024 00:00,3.37,27.03,-7.48,966.97,-11.9,-26.9
CGWKOL0166,Madhya Pradesh,Agarmalwa,Susner,Susner,Soyat(Deep),24.1472,76.1603,26-04-2024 06:00,3.37,27.05,-7.48,966.58,-11.9,-26.9
CGWKOL0166,Madhya Pradesh,Agarmalwa,Susner,Susner,Soyat(Deep),24.1472,76.1603,26-04-2024 12:00,3.37,26.99,-7.48,970.3,-11.9,-26.9
CGWKOL0166,Madhya Pradesh,Agarmalwa,Susner,Susner,Soyat(Deep),24.1472,76.1603,26-04-2024 18:00,3.37,27.01,-7.48,967.4,-11.9,-26.9
CGWKOL0166,Madhya Pradesh,Agarmalwa,Susner,Susner,Soyat(Deep),24.1472,76.1603,27-04-2024 00:00,3.37,27.03,-7.48,968.44,-11.9,-26.9
CGWKOL0166,Madhya Pradesh,Agarmalwa,Susner,Susner,Soyat(Deep),24.1472,76.1603,16-05-2024 18:00,3.4,27.03,-7.79,965.42,-11.9,-26.9
CGWKOL0166,Madhya Pradesh,Agarmalwa,Susner,Susner,Soyat(Deep),24.1472,76.1603,17-05-2024 00:00,3.4,27.05,-7.78,966.84,-11.9,-26.9
CGWKOL0166,Madhya Pradesh,Agarmalwa,Susner,Susner,Soyat(Deep),24.1472,76.1603,17-05-2024 06:00,3.4,27.03,-7.77,967.29,-11.9,-26.9
CGWKOL0166,Madhya Pradesh,Agarmalwa,Susner,Susner,Soyat(Deep),24.1472,76.1603,17-05-2024 12:00,3.4,27.03,-7.77,967.27,-11.9,-26.9
CGWKOL0166,Madhya Pradesh,Agarmalwa,Susner,Susner,Soyat(Deep),24.1472,76.1603,17-05-2024 18:00,3.4,27.05,-7.87,963.48,-11.9,-26.9
CGWKOL0166,Madhya Pradesh,Agarmalwa,Susner,Susner,Soyat(Deep),24.1472,76.1603,18-05-2024 00:00,3.4,27.05,-7.85,966.14,-11.9,-26.9
CGWKOL0166,Madhya Pradesh,Agarmalwa,Susner,Susner,Soyat(Deep),24.1472,76.1603,18-05-2024 06:00,3.4,27.03,-7.84,966.17,-11.9,-26.9
CGWKOL0166,Madhya Pradesh,Agarmalwa,Susner,Susner,Soyat(Deep),24.1472,76.1603,18-05-2024 12:00,3.4,27.05,-7.86,965.03,-11.9,-26.9
CGWKOL0166,Madhya Pradesh,Agarmalwa,Susner,Susner,Soyat(Deep),24.1472,76.1603,18-05-2024 18:00,3.4,27.07,-7.9,960.84,-11.9,-26.9
CGWKOL0166,Madhya Pradesh,Agarmalwa,Susner,Susner,Soyat(Deep),24.1472,76.1603,19-05-2024 00:00,3.4,27.01,-7.89,962.91,-11.9,-26.9
CGWKOL0166,Madhya Pradesh,Agarmalwa,Susner,Susner,Soyat(Deep),24.1472,76.1603,19-05-2024 06:00,3.4,27.05,-7.86,963.22,-11.9,-26.9
CGWKOL0166,Madhya Pradesh,Agarmalwa,Susner,Susner,Soyat(Deep),24.1472,76.1603,19-05-2024 12:00,3.4,27.01,-7.87,963.29,-11.9,-26.9
CGWKOL0166,Madhya Pradesh,Agarmalwa,Susner,Susner,Soyat(Deep),24.1472,76.1603,19-05-2024 18:00,3.4,27.07,-7.94,958.88,-11.9,-26.9
CGWKOL0166,Madhya Pradesh,Agarmalwa,Susner,Susner,Soyat(Deep),24.1472,76.1603,20-05-2024 00:00,3.4,27.03,-7.91,961.85,-11.9,-26.9
CGWKOL0166,Madhya Pradesh,Agarmalwa,Susner,Susner,Soyat(Deep),24.1472,76.1603,20-05-2024 06:00,3.4,27.1,-7.97,962.32,-11.9,-26.9
CGWKOL0166,Madhya Pradesh,Agarmalwa,Susner,Susner,Soyat(Deep),24.1472,76.1603,20-05-2024 12:00,3.4,27.05,-7.96,964.13,-11.9,-26.9
CGWKOL0166,Madhya Pradesh,Agarmalwa,Susner,Susner,Soyat(Deep),24.1472,76.1603,20-05-2024 18:00,3.4,27.07,-7.93,960.4,-11.9,-26.9
CGWKOL0166,Madhya Pradesh,Agarmalwa,Susner,Susner,Soyat(Deep),24.1472,76.1603,21-05-2024 00:00,3.4,27.03,-7.91,963.5,-11.9,-26.9
CGWKOL0166,Madhya Pradesh,Agarmalwa,Susner,Susner,Soyat(Deep),24.1472,76.1603,21-05-2024 06:00,3.4,27.05,-7.89,963.62,-11.9,-26.9
CGWKOL0166,Madhya Pradesh,Agarmalwa,Susner,Susner,Soyat(Deep),24.1472,76.1603,21-05-2024 12:00,3.4,27.05,-7.88,964.04,-11.9,-26.9
CGWKOL0166,Madhya Pradesh,Agarmalwa,Susner,Susner,Soyat(Deep),24.1472,76.1603,21-05-2024 18:00,3.4,27.1,-7.88,960.87,-11.9,-26.9
CGWKOL0166,Madhya Pradesh,Agarmalwa,Susner,Susner,Soyat(Deep),24.1472,76.1603,22-05-2024 00:00,3.4,26.99,-7.87,962.96,-11.9,-26.9
CGWKOL0166,Madhya Pradesh,Agarmalwa,Susner,Susner,Soyat(Deep),24.1472,76.1603,22-05-2024 06:00,3.4,26.99,-7.86,962.53,-11.9,-26.9
CGWKOL0166,Madhya Pradesh,Agarmalwa,Susner,Susner,Soyat(Deep),24.1472,76.1603,22-05-2024 12:00,3.4,27.03,-7.86,963.11,-11.9,-26.9
CGWKOL0166,Madhya Pradesh,Agarmalwa,Susner,Susner,Soyat(Deep),24.1472,76.1603,22-05-2024 18:00,3.4,27.03,-7.86,959.59,-11.9,-26.9
CGWKOL0166,Madhya Pradesh,Agarmalwa,Susner,Susner,Soyat(Deep),24.1472,76.1603,23-05-2024 00:00,3.4,27.01,-7.85,961.54,-11.9,-26.9
CGWKOL0166,Madhya Pradesh,Agarmalwa,Susner,Susner,Soyat(Deep),24.1472,76.1603,23-05-2024 06:00,3.4,27.03,-7.84,961.02,-11.9,-26.9
CGWKOL0166,Madhya Pradesh,Agarmalwa,Susner,Susner,Soyat(Deep),24.1472,76.1603,23-05-2024 12:00,3.4,27.01,-7.89,960.88,-11.9,-26.9
CGWKOL0166,Madhya Pradesh,Agarmalwa,Susner,Susner,Soyat(Deep),24.1472,76.1603,23-05-2024 18:00,3.4,27.07,-7.9,957.57,-11.9,-26.9
CGWKOL0166,Madhya Pradesh,Agarmalwa,Susner,Susner,Soyat(Deep),24.1472,76.1603,24-05-2024 00:00,3.4,27.05,-7.89,959.7,-11.9,-26.9
CGWKOL0166,Madhya Pradesh,Agarmalwa,Susner,Susner,Soyat(Deep),24.1472,76.1603,24-05-2024 18:00,3.41,27.07,-7.92,957.96,-11.9,-26.9
CGWKOL0166,Madhya Pradesh,Agarmalwa,Susner,Susner,Soyat(Deep),24.1472,76.1603,25-05-2024 00:00,3.41,27.05,-7.9,960.69,-11.9,-26.9
CGWKOL0166,Madhya Pradesh,Agarmalwa,Susner,Susner,Soyat(Deep),24.1472,76.1603,25-05-2024 06:00,3.41,27.01,-7.88,961.08,-11.9,-26.9
CGWKOL0166,Madhya Pradesh,Agarmalwa,Susner,Susner,Soyat(Deep),24.1472,76.1603,25-05-2024 12:00,3.41,27.05,-7.88,961.82,-11.9,-26.9
CGWKOL0166,Madhya Pradesh,Agarmalwa,Susner,Susner,Soyat(Deep),24.1472,76.1603,25-05-2024 18:00,3.41,27.05,-7.93,958.53,-11.9,-26.9
CGWKOL0166,Madhya Pradesh,Agarmalwa,Susner,Susner,Soyat(Deep),24.1472,76.1603,26-05-2024 00:00,3.41,27.01,-7.91,960.57,-11.9,-26.9
CGWKOL0166,Madhya Pradesh,Agarmalwa,Susner,Susner,Soyat(Deep),24.1472,76.1603,26-05-2024 06:00,3.41,27.05,-7.89,960.81,-11.9,-26.9
CGWKOL0166,Madhya Pradesh,Agarmalwa,Susner,Susner,Soyat(Deep),24.1472,76.1603,26-05-2024 12:00,3.41,27.07,-7.91,960.61,-11.9,-26.9
CGWKOL0166,Madhya Pradesh,Agarmalwa,Susner,Susner,Soyat(Deep),24.1472,76.1603,26-05-2024 18:00,3.41,27.01,-7.98,957.37,-11.9,-26.9
CGWKOL0166,Madhya Pradesh,Agarmalwa,Susner,Susner,Soyat(Deep),24.1472,76.1603,27-05-2024 00:00,3.41,27.03,-7.95,959.29,-11.9,-26.9
CGWKOL0166,Madhya Pradesh,Agarmalwa,Susner,Susner,Soyat(Deep),24.1472,76.1603,27-05-2024 06:00,3.41,27.03,-7.92,958.64,-11.9,-26.9
CGWKOL0166,Madhya Pradesh,Agarmalwa,Susner,Susner,Soyat(Deep),24.1472,76.1603,27-05-2024 12:00,3.41,27.05,-7.95,958.58,-11.9,-26.9
CGWKOL0166,Madhya Pradesh,Agarmalwa,Susner,Susner,Soyat(Deep),24.1472,76.1603,27-05-2024 18:00,3.41,27.07,-7.95,955.31,-11.9,-26.9
CGWKOL0166,Madhya Pradesh,Agarmalwa,Susner,Susner,Soyat(Deep),24.1472,76.1603,28-05-2024 00:00,3.41,26.99,-7.93,957.53,-11.9,-26.9
CGWKOL0166,Madhya Pradesh,Agarmalwa,Susner,Susner,Soyat(Deep),24.1472,76.1603,28-05-2024 06:00,3.41,27.07,-7.91,958.22,-11.9,-26.9
CGWKOL0166,Madhya Pradesh,Agarmalwa,Susner,Susner,Soyat(Deep),24.1472,76.1603,28-05-2024 12:00,3.41,26.99,-7.9,959.02,-11.9,-26.9
CGWKOL0166,Madhya Pradesh,Agarmalwa,Susner,Susner,Soyat(Deep),24.1472,76.1603,28-05-2024 18:00,3.41,27.07,-7.93,956.24,-11.9,-26.9
CGWKOL0166,Madhya Pradesh,Agarmalwa,Susner,Susner,Soyat(Deep),24.1472,76.1603,29-05-2024 00:00,3.41,27.05,-7.92,958.96,-11.9,-26.9
CGWKOL0166,Madhya Pradesh,Agarmalwa,Susner,Susner,Soyat(Deep),24.1472,76.1603,29-05-2024 06:00,3.41,27.05,-7.92,959.22,-11.9,-26.9
CGWKOL0166,Madhya Pradesh,Agarmalwa,Susner,Susner,Soyat(Deep),24.1472,76.1603,29-05-2024 12:00,3.41,27.1,-7.93,960.52,-11.9,-26.9
CGWKOL0166,Madhya Pradesh,Agarmalwa,Susner,Susner,Soyat(Deep),24.1472,76.1603,29-05-2024 18:00,3.41,27.03,-7.95,957.97,-11.9,-26.9
CGWKOL0166,Madhya Pradesh,Agarmalwa,Susner,Susner,Soyat(Deep),24.1472,76.1603,30-05-2024 00:00,3.41,27.05,-7.93,961.46,-11.9,-26.9
CGWKOL0166,Madhya Pradesh,Agarmalwa,Susner,Susner,Soyat(Deep),24.1472,76.1603,30-05-2024 06:00,3.41,27.03,-7.93,962.34,-11.9,-26.9
CGWKOL0166,Madhya Pradesh,Agarmalwa,Susner,Susner,Soyat(Deep),24.1472,76.1603,30-05-2024 12:00,3.41,27.07,-7.93,963.31,-11.9,-26.9
CGWKOL0166,Madhya Pradesh,Agarmalwa,Susner,Susner,Soyat(Deep),24.1472,76.1603,30-05-2024 18:00,3.41,27.03,-7.99,960.43,-11.9,-26.9
CGWKOL0166,Madhya Pradesh,Agarmalwa,Susner,Susner,Soyat(Deep),24.1472,76.1603,31-05-2024 00:00,3.41,27.07,-7.97,962.73,-11.9,-26.9
CGWKOL0166,Madhya Pradesh,Agarmalwa,Susner,Susner,Soyat(Deep),24.1472,76.1603,31-05-2024 06:00,3.41,27.03,-7.96,963.92,-11.9,-26.9
CGWKOL0166,Madhya Pradesh,Agarmalwa,Susner,Susner,Soyat(Deep),24.1472,76.1603,31-05-2024 12:00,3.41,27.03,-7.98,964.63,-11.9,-26.9
CGWKOL0166,Madhya Pradesh,Agarmalwa,Susner,Susner,Soyat(Deep),24.1472,76.1603,31-05-2024 18:00,3.41,26.99,-8,961.54,-11.9,-26.9
CGWKOL0166,Madhya Pradesh,Agarmalwa,Susner,Susner,Soyat(Deep),24.1472,76.1603,01-06-2024 00:00,3.41,27.05,-7.97,963.18,-11.9,-26.9
CGWKOL0166,Madhya Pradesh,Agarmalwa,Susner,Susner,Soyat(Deep),24.1472,76.1603,01-06-2024 06:00,3.57,27.07,-7.95,964.25,-11.9,-26.9
CGWKOL0166,Madhya Pradesh,Agarmalwa,Susner,Susner,Soyat(Deep),24.1472,76.1603,01-06-2024 12:00,3.57,27.05,-7.95,965.27,-11.9,-26.9
CGWKOL0166,Madhya Pradesh,Agarmalwa,Susner,Susner,Soyat(Deep),24.1472,76.1603,01-06-2024 18:00,3.57,27.03,-8,962.09,-11.9,-26.9
CGWKOL0166,Madhya Pradesh,Agarmalwa,Susner,Susner,Soyat(Deep),24.1472,76.1603,02-06-2024 00:00,3.57,27.05,-7.98,964.38,-11.9,-26.9
CGWKOL0166,Madhya Pradesh,Agarmalwa,Susner,Susner,Soyat(Deep),24.1472,76.1603,02-06-2024 06:00,3.57,27.05,-7.96,965.38,-11.9,-26.9
CGWKOL0166,Madhya Pradesh,Agarmalwa,Susner,Susner,Soyat(Deep),24.1472,76.1603,02-06-2024 12:00,3.57,27.07,-7.95,965.75,-11.9,-26.9
CGWKOL0166,Madhya Pradesh,Agarmalwa,Susner,Susner,Soyat(Deep),24.1472,76.1603,02-06-2024 18:00,3.57,27.07,-7.94,962.19,-11.9,-26.9
CGWKOL0166,Madhya Pradesh,Agarmalwa,Susner,Susner,Soyat(Deep),24.1472,76.1603,03-06-2024 00:00,3.57,27.03,-7.93,964.67,-11.9,-26.9
CGWKOL0166,Madhya Pradesh,Agarmalwa,Susner,Susner,Soyat(Deep),24.1472,76.1603,03-06-2024 06:00,3.57,27.01,-7.93,965.18,-11.9,-26.9
CGWKOL0166,Madhya Pradesh,Agarmalwa,Susner,Susner,Soyat(Deep),24.1472,76.1603,03-06-2024 12:00,3.57,27.07,-7.94,966.14,-11.9,-26.9
CGWKOL0166,Madhya Pradesh,Agarmalwa,Susner,Susner,Soyat(Deep),24.1472,76.1603,03-06-2024 18:00,3.57,27.03,-8.04,961.75,-11.9,-26.9
CGWKOL0166,Madhya Pradesh,Agarmalwa,Susner,Susner,Soyat(Deep),24.1472,76.1603,04-06-2024 00:00,3.57,27.05,-8.02,964.54,-11.9,-26.9
CGWKOL0166,Madhya Pradesh,Agarmalwa,Susner,Susner,Soyat(Deep),24.1472,76.1603,04-06-2024 06:00,3.57,27.03,-8,965.16,-11.9,-26.9
CGWKOL0166,Madhya Pradesh,Agarmalwa,Susner,Susner,Soyat(Deep),24.1472,76.1603,04-06-2024 12:00,3.57,27.07,-8.01,965.89,-11.9,-26.9
CGWKOL0166,Madhya Pradesh,Agarmalwa,Susner,Susner,Soyat(Deep),24.1472,76.1603,04-06-2024 18:00,3.57,27.07,-8.06,961.84,-11.9,-26.9
CGWKOL0166,Madhya Pradesh,Agarmalwa,Susner,Susner,Soyat(Deep),24.1472,76.1603,05-06-2024 00:00,3.57,27.01,-8.03,965.27,-11.9,-26.9
CGWKOL0166,Madhya Pradesh,Agarmalwa,Susner,Susner,Soyat(Deep),24.1472,76.1603,05-06-2024 06:00,3.57,27.05,-8.01,968.33,-11.9,-26.9
CGWKOL0166,Madhya Pradesh,Agarmalwa,Susner,Susner,Soyat(Deep),24.1472,76.1603,05-06-2024 12:00,3.57,27.01,-8.03,966.42,-11.9,-26.9
CGWKOL0166,Madhya Pradesh,Agarmalwa,Susner,Susner,Soyat(Deep),24.1472,76.1603,05-06-2024 18:00,3.57,27.05,-8.08,962.01,-11.9,-26.9
CGWKOL0166,Madhya Pradesh,Agarmalwa,Susner,Susner,Soyat(Deep),24.1472,76.1603,06-06-2024 00:00,3.57,26.97,-8.06,966.02,-11.9,-26.9
CGWKOL0166,Madhya Pradesh,Agarmalwa,Susner,Susner,Soyat(Deep),24.1472,76.1603,06-06-2024 06:00,3.57,27.01,-8.04,967.16,-11.9,-26.9
CGWKOL0166,Madhya Pradesh,Agarmalwa,Susner,Susner,Soyat(Deep),24.1472,76.1603,06-06-2024 12:00,3.57,27.05,-8.02,968.4,-11.9,-26.9
CGWKOL0166,Madhya Pradesh,Agarmalwa,Susner,Susner,Soyat(Deep),24.1472,76.1603,06-06-2024 18:00,3.57,27.01,-8.01,963.47,-11.9,-26.9
CGWKOL0166,Madhya Pradesh,Agarmalwa,Susner,Susner,Soyat(Deep),24.1472,76.1603,07-06-2024 00:00,3.57,27.03,-7.99,965.57,-11.9,-26.9
CGWKOL0166,Madhya Pradesh,Agarmalwa,Susner,Susner,Soyat(Deep),24.1472,76.1603,07-06-2024 06:00,3.57,27.05,-7.98,965.08,-11.9,-26.9
CGWKOL0166,Madhya Pradesh,Agarmalwa,Susner,Susner,Soyat(Deep),24.1472,76.1603,07-06-2024 12:00,3.57,27.12,-7.98,965.42,-11.9,-26.9
CGWKOL0166,Madhya Pradesh,Agarmalwa,Susner,Susner,Soyat(Deep),24.1472,76.1603,07-06-2024 18:00,3.57,27.01,-8.04,960.54,-11.9,-26.9
CGWKOL0166,Madhya Pradesh,Agarmalwa,Susner,Susner,Soyat(Deep),24.1472,76.1603,08-06-2024 00:00,3.57,27.03,-8.02,964.19,-11.9,-26.9
CGWKOL0166,Madhya Pradesh,Agarmalwa,Susner,Susner,Soyat(Deep),24.1472,76.1603,08-06-2024 06:00,3.59,27.05,-8,964.29,-11.9,-26.9
CGWKOL0166,Madhya Pradesh,Agarmalwa,Susner,Susner,Soyat(Deep),24.1472,76.1603,08-06-2024 12:00,3.59,27.05,-8,966.13,-11.9,-26.9
CGWKOL0166,Madhya Pradesh,Agarmalwa,Susner,Susner,Soyat(Deep),24.1472,76.1603,08-06-2024 18:00,3.59,27.05,-7.99,961.07,-11.9,-26.9
CGWKOL0166,Madhya Pradesh,Agarmalwa,Susner,Susner,Soyat(Deep),24.1472,76.1603,09-06-2024 00:00,3.59,27.05,-7.98,964.36,-11.9,-26.9
CGWKOL0166,Madhya Pradesh,Agarmalwa,Susner,Susner,Soyat(Deep),24.1472,76.1603,09-06-2024 06:00,3.59,27.01,-7.97,963.71,-11.9,-26.9
CGWKOL0166,Madhya Pradesh,Agarmalwa,Susner,Susner,Soyat(Deep),24.1472,76.1603,09-06-2024 12:00,3.59,27.07,-7.97,963.92,-11.9,-26.9
CGWKOL0166,Madhya Pradesh,Agarmalwa,Susner,Susner,Soyat(Deep),24.1472,76.1603,09-06-2024 18:00,3.59,27.05,-7.96,960.41,-11.9,-26.9
CGWKOL0166,Madhya Pradesh,Agarmalwa,Susner,Susner,Soyat(Deep),24.1472,76.1603,10-06-2024 00:00,3.59,27.03,-7.96,962.95,-11.9,-26.9
CGWKOL0166,Madhya Pradesh,Agarmalwa,Susner,Susner,Soyat(Deep),24.1472,76.1603,10-06-2024 06:00,3.59,27.03,-7.97,964.74,-11.9,-26.9
CGWKOL0166,Madhya Pradesh,Agarmalwa,Susner,Susner,Soyat(Deep),24.1472,76.1603,10-06-2024 12:00,3.59,27.07,-7.96,964.91,-11.9,-26.9
CGWKOL0166,Madhya Pradesh,Agarmalwa,Susner,Susner,Soyat(Deep),24.1472,76.1603,10-06-2024 18:00,3.59,27.01,-7.96,962.9,-11.9,-26.9
CGWKOL0166,Madhya Pradesh,Agarmalwa,Susner,Susner,Soyat(Deep),24.1472,76.1603,11-06-2024 00:00,3.59,27.03,-7.96,964.8,-11.9,-26.9
CGWKOL0166,Madhya Pradesh,Agarmalwa,Susner,Susner,Soyat(Deep),24.1472,76.1603,11-06-2024 06:00,3.44,27.03,-7.95,965.14,-11.9,-26.9
CGWKOL0166,Madhya Pradesh,Agarmalwa,Susner,Susner,Soyat(Deep),24.1472,76.1603,11-06-2024 12:00,3.44,27.07,-7.96,964.74,-11.9,-26.9
CGWKOL0166,Madhya Pradesh,Agarmalwa,Susner,Susner,Soyat(Deep),24.1472,76.1603,11-06-2024 18:00,3.44,27.03,-7.97,962.34,-11.9,-26.9
CGWKOL0166,Madhya Pradesh,Agarmalwa,Susner,Susner,Soyat(Deep),24.1472,76.1603,12-06-2024 00:00,3.44,27.03,-7.97,964.72,-11.9,-26.9
CGWKOL0166,Madhya Pradesh,Agarmalwa,Susner,Susner,Soyat(Deep),24.1472,76.1603,12-06-2024 06:00,3.43,27.07,-7.96,965,-11.9,-26.9
CGWKOL0166,Madhya Pradesh,Agarmalwa,Susner,Susner,Soyat(Deep),24.1472,76.1603,12-06-2024 12:00,3.43,27.03,-7.97,966.01,-11.9,-26.9
CGWKOL0166,Madhya Pradesh,Agarmalwa,Susner,Susner,Soyat(Deep),24.1472,76.1603,12-06-2024 18:00,3.43,27.1,-7.98,962.68,-11.9,-26.9
CGWKOL0166,Madhya Pradesh,Agarmalwa,Susner,Susner,Soyat(Deep),24.1472,76.1603,13-06-2024 00:00,3.43,26.97,-7.98,966.71,-11.9,-26.9
CGWKOL0166,Madhya Pradesh,Agarmalwa,Susner,Susner,Soyat(Deep),24.1472,76.1603,13-06-2024 06:00,3.43,27.03,-7.97,964.88,-11.9,-26.9
CGWKOL0166,Madhya Pradesh,Agarmalwa,Susner,Susner,Soyat(Deep),24.1472,76.1603,13-06-2024 12:00,3.43,27.07,-7.98,965.02,-11.9,-26.9
CGWKOL0166,Madhya Pradesh,Agarmalwa,Susner,Susner,Soyat(Deep),24.1472,76.1603,13-06-2024 18:00,3.43,27.05,-7.98,962.78,-11.9,-26.9
CGWKOL0166,Madhya Pradesh,Agarmalwa,Susner,Susner,Soyat(Deep),24.1472,76.1603,14-06-2024 00:00,3.43,27.05,-7.98,963.61,-11.9,-26.9
CGWKOL0166,Madhya Pradesh,Agarmalwa,Susner,Susner,Soyat(Deep),24.1472,76.1603,14-06-2024 06:00,3.43,27.1,-7.98,963.53,-11.9,-26.9
CGWKOL0166,Madhya Pradesh,Agarmalwa,Susner,Susner,Soyat(Deep),24.1472,76.1603,14-06-2024 12:00,3.43,27.03,-7.98,964.07,-11.9,-26.9
CGWKOL0166,Madhya Pradesh,Agarmalwa,Susner,Susner,Soyat(Deep),24.1472,76.1603,14-06-2024 18:00,3.43,27.05,-7.99,960.76,-11.9,-26.9
CGWKOL0166,Madhya Pradesh,Agarmalwa,Susner,Susner,Soyat(Deep),24.1472,76.1603,15-06-2024 00:00,3.43,27.01,-7.98,963.97,-11.9,-26.9
CGWKOL0166,Madhya Pradesh,Agarmalwa,Susner,Susner,Soyat(Deep),24.1472,76.1603,15-06-2024 06:00,3.43,27.07,-7.98,963.17,-11.9,-26.9
CGWKOL0166,Madhya Pradesh,Agarmalwa,Susner,Susner,Soyat(Deep),24.1472,76.1603,15-06-2024 12:00,3.43,27.05,-7.98,963.41,-11.9,-26.9
CGWKOL0166,Madhya Pradesh,Agarmalwa,Susner,Susner,Soyat(Deep),24.1472,76.1603,15-06-2024 18:00,3.43,27.1,-7.98,960.58,-11.9,-26.9
CGWKOL0166,Madhya Pradesh,Agarmalwa,Susner,Susner,Soyat(Deep),24.1472,76.1603,16-06-2024 00:00,3.43,27.05,-7.98,963.75,-11.9,-26.9
CGWKOL0166,Madhya Pradesh,Agarmalwa,Susner,Susner,Soyat(Deep),24.1472,76.1603,16-06-2024 06:00,3.43,27.05,-7.97,964.26,-11.9,-26.9
CGWKOL0166,Madhya Pradesh,Agarmalwa,Susner,Susner,Soyat(Deep),24.1472,76.1603,16-06-2024 12:00,3.43,27.05,-7.98,964.72,-11.9,-26.9
CGWKOL0166,Madhya Pradesh,Agarmalwa,Susner,Susner,Soyat(Deep),24.1472,76.1603,16-06-2024 18:00,3.43,27.03,-7.98,961.44,-11.9,-26.9
CGWKOL0166,Madhya Pradesh,Agarmalwa,Susner,Susner,Soyat(Deep),24.1472,76.1603,17-06-2024 00:00,3.43,27.05,-7.97,963.61,-11.9,-26.9
CGWKOL0166,Madhya Pradesh,Agarmalwa,Susner,Susner,Soyat(Deep),24.1472,76.1603,17-06-2024 06:00,3.67,27.03,-7.98,964.42,-11.9,-26.9
CGWKOL0166,Madhya Pradesh,Agarmalwa,Susner,Susner,Soyat(Deep),24.1472,76.1603,17-06-2024 12:00,3.67,27.05,-7.99,965.51,-11.9,-26.9
CGWKOL0166,Madhya Pradesh,Agarmalwa,Susner,Susner,Soyat(Deep),24.1472,76.1603,17-06-2024 18:00,3.67,27.05,-7.98,961.52,-11.9,-26.9
CGWKOL0166,Madhya Pradesh,Agarmalwa,Susner,Susner,Soyat(Deep),24.1472,76.1603,18-06-2024 00:00,3.67,27.07,-7.98,963.87,-11.9,-26.9
CGWKOL0166,Madhya Pradesh,Agarmalwa,Susner,Susner,Soyat(Deep),24.1472,76.1603,19-06-2024 18:00,3.59,27.12,-7.98,957.47,-11.9,-26.9
CGWKOL0166,Madhya Pradesh,Agarmalwa,Susner,Susner,Soyat(Deep),24.1472,76.1603,20-06-2024 00:00,3.59,27.05,-7.99,960.03,-11.9,-26.9
CGWKOL0166,Madhya Pradesh,Agarmalwa,Susner,Susner,Soyat(Deep),24.1472,76.1603,20-06-2024 06:00,3.59,27.07,-7.98,960.49,-11.9,-26.9
CGWKOL0166,Madhya Pradesh,Agarmalwa,Susner,Susner,Soyat(Deep),24.1472,76.1603,20-06-2024 12:00,3.59,27.03,-8,961.53,-11.9,-26.9
CGWKOL0166,Madhya Pradesh,Agarmalwa,Susner,Susner,Soyat(Deep),24.1472,76.1603,20-06-2024 18:00,3.59,27.07,-8.01,957.05,-11.9,-26.9
CGWKOL0166,Madhya Pradesh,Agarmalwa,Susner,Susner,Soyat(Deep),24.1472,76.1603,21-06-2024 00:00,3.59,27.03,-8.01,961.26,-11.9,-26.9
CGWKOL0166,Madhya Pradesh,Agarmalwa,Susner,Susner,Soyat(Deep),24.1472,76.1603,21-06-2024 06:00,3.59,27.1,-8.01,961.48,-11.9,-26.9
CGWKOL0166,Madhya Pradesh,Agarmalwa,Susner,Susner,Soyat(Deep),24.1472,76.1603,21-06-2024 12:00,3.59,27.01,-8.02,964.14,-11.9,-26.9
CGWKOL0166,Madhya Pradesh,Agarmalwa,Susner,Susner,Soyat(Deep),24.1472,76.1603,21-06-2024 18:00,3.59,27.03,-8.01,960.48,-11.9,-26.9
CGWKOL0166,Madhya Pradesh,Agarmalwa,Susner,Susner,Soyat(Deep),24.1472,76.1603,22-06-2024 00:00,3.59,27.03,-8.01,961.94,-11.9,-26.9
CGWKOL0166,Madhya Pradesh,Agarmalwa,Susner,Susner,Soyat(Deep),24.1472,76.1603,22-06-2024 06:00,3.59,27.03,-8.01,960.84,-11.9,-26.9
CGWKOL0166,Madhya Pradesh,Agarmalwa,Susner,Susner,Soyat(Deep),24.1472,76.1603,22-06-2024 12:00,3.59,27.03,-8.01,961.66,-11.9,-26.9
CGWKOL0166,Madhya Pradesh,Agarmalwa,Susner,Susner,Soyat(Deep),24.1472,76.1603,22-06-2024 18:00,3.59,27.05,-8.02,958.29,-11.9,-26.9
CGWKOL0166,Madhya Pradesh,Agarmalwa,Susner,Susner,Soyat(Deep),24.1472,76.1603,23-06-2024 00:00,3.59,27.03,-8.02,962.27,-11.9,-26.9
CGWKOL0166,Madhya Pradesh,Agarmalwa,Susner,Susner,Soyat(Deep),24.1472,76.1603,23-06-2024 06:00,3.59,27.03,-8.02,961.35,-11.9,-26.9
CGWKOL0166,Madhya Pradesh,Agarmalwa,Susner,Susner,Soyat(Deep),24.1472,76.1603,23-06-2024 12:00,3.59,27.07,-8.02,962,-11.9,-26.9
CGWKOL0166,Madhya Pradesh,Agarmalwa,Susner,Susner,Soyat(Deep),24.1472,76.1603,23-06-2024 18:00,3.59,27.05,-8.02,957.36,-11.9,-26.9
CGWKOL0166,Madhya Pradesh,Agarmalwa,Susner,Susner,Soyat(Deep),24.1472,76.1603,24-06-2024 00:00,3.59,27.03,-8.02,961.09,-11.9,-26.9
CGWKOL0166,Madhya Pradesh,Agarmalwa,Susner,Susner,Soyat(Deep),24.1472,76.1603,24-06-2024 06:00,3.59,27.05,-8.02,960.53,-11.9,-26.9
CGWKOL0166,Madhya Pradesh,Agarmalwa,Susner,Susner,Soyat(Deep),24.1472,76.1603,24-06-2024 12:00,3.59,27.05,-8.03,960.14,-11.9,-26.9
CGWKOL0166,Madhya Pradesh,Agarmalwa,Susner,Susner,Soyat(Deep),24.1472,76.1603,24-06-2024 18:00,3.59,27.07,-8.03,956.69,-11.9,-26.9
CGWKOL0166,Madhya Pradesh,Agarmalwa,Susner,Susner,Soyat(Deep),24.1472,76.1603,25-06-2024 00:00,3.59,27.05,-8.02,959.96,-11.9,-26.9
CGWKOL0166,Madhya Pradesh,Agarmalwa,Susner,Susner,Soyat(Deep),24.1472,76.1603,25-06-2024 06:00,3.59,27.03,-8.03,959.02,-11.9,-26.9
CGWKOL0166,Madhya Pradesh,Agarmalwa,Susner,Susner,Soyat(Deep),24.1472,76.1603,25-06-2024 12:00,3.59,27.1,-8.02,959.56,-11.9,-26.9
CGWKOL0166,Madhya Pradesh,Agarmalwa,Susner,Susner,Soyat(Deep),24.1472,76.1603,25-06-2024 18:00,3.59,27.12,-8.01,957.43,-11.9,-26.9
CGWKOL0166,Madhya Pradesh,Agarmalwa,Susner,Susner,Soyat(Deep),24.1472,76.1603,26-06-2024 00:00,3.59,27.05,-8.02,959.82,-11.9,-26.9
CGWKOL0166,Madhya Pradesh,Agarmalwa,Susner,Susner,Soyat(Deep),24.1472,76.1603,26-06-2024 06:00,3.59,27.1,-8.02,959.13,-11.9,-26.9
CGWKOL0166,Madhya Pradesh,Agarmalwa,Susner,Susner,Soyat(Deep),24.1472,76.1603,26-06-2024 12:00,3.59,27.03,-8.02,959.74,-11.9,-26.9
CGWKOL0166,Madhya Pradesh,Agarmalwa,Susner,Susner,Soyat(Deep),24.1472,76.1603,01-08-2024 06:00,3.63,26.99,-5.693,961.409,-11.9,-26.9
CGWKOL0166,Madhya Pradesh,Agarmalwa,Susner,Susner,Soyat(Deep),24.1472,76.1603,01-08-2024 12:00,3.63,27.07,-5.709,963.619,-11.9,-26.9
CGWKOL0166,Madhya Pradesh,Agarmalwa,Susner,Susner,Soyat(Deep),24.1472,76.1603,01-08-2024 18:00,3.63,27.03,-5.696,960.655,-11.9,-26.9
CGWKOL0166,Madhya Pradesh,Agarmalwa,Susner,Susner,Soyat(Deep),24.1472,76.1603,02-08-2024 00:00,3.63,27.03,-5.702,961.988,-11.9,-26.9
CGWKOL0166,Madhya Pradesh,Agarmalwa,Susner,Susner,Soyat(Deep),24.1472,76.1603,02-08-2024 06:00,3.63,27.05,-5.694,960.218,-11.9,-26.9
CGWKOL0166,Madhya Pradesh,Agarmalwa,Susner,Susner,Soyat(Deep),24.1472,76.1603,02-08-2024 12:00,3.63,27.03,-5.696,961.036,-11.9,-26.9
CGWKOL0166,Madhya Pradesh,Agarmalwa,Susner,Susner,Soyat(Deep),24.1472,76.1603,02-08-2024 18:00,3.63,27.03,-5.687,959.823,-11.9,-26.9
CGWKOL0166,Madhya Pradesh,Agarmalwa,Susner,Susner,Soyat(Deep),24.1472,76.1603,03-08-2024 00:00,3.63,27.01,-5.696,961.948,-11.9,-26.9
CGWKOL0166,Madhya Pradesh,Agarmalwa,Susner,Susner,Soyat(Deep),24.1472,76.1603,03-08-2024 06:00,3.63,26.99,-5.68,961.039,-11.9,-26.9
CGWKOL0166,Madhya Pradesh,Agarmalwa,Susner,Susner,Soyat(Deep),24.1472,76.1603,03-08-2024 12:00,3.63,27.03,-5.683,962.67,-11.9,-26.9
CGWKOL0166,Madhya Pradesh,Agarmalwa,Susner,Susner,Soyat(Deep),24.1472,76.1603,03-08-2024 18:00,3.63,27.05,-5.669,960.568,-11.9,-26.9
CGWKOL0166,Madhya Pradesh,Agarmalwa,Susner,Susner,Soyat(Deep),24.1472,76.1603,04-08-2024 00:00,3.63,27.01,-5.685,963.11,-11.9,-26.9
CGWKOL0166,Madhya Pradesh,Agarmalwa,Susner,Susner,Soyat(Deep),24.1472,76.1603,04-08-2024 06:00,3.63,26.97,-5.668,961.196,-11.9,-26.9
CGWKOL0166,Madhya Pradesh,Agarmalwa,Susner,Susner,Soyat(Deep),24.1472,76.1603,04-08-2024 12:00,3.63,27.01,-5.53,962.517,-11.9,-26.9
CGWKOL0166,Madhya Pradesh,Agarmalwa,Susner,Susner,Soyat(Deep),24.1472,76.1603,04-08-2024 18:00,3.63,26.88,-4.493,960.008,-11.9,-26.9
CGWKOL0166,Madhya Pradesh,Agarmalwa,Susner,Susner,Soyat(Deep),24.1472,76.1603,05-08-2024 00:00,3.63,26.94,-4.469,962.085,-11.9,-26.9
CGWKOL0166,Madhya Pradesh,Agarmalwa,Susner,Susner,Soyat(Deep),24.1472,76.1603,05-08-2024 06:00,3.63,26.94,-4.509,961.589,-11.9,-26.9
CGWKOL0166,Madhya Pradesh,Agarmalwa,Susner,Susner,Soyat(Deep),24.1472,76.1603,05-08-2024 12:00,3.63,27.03,-4.486,964.387,-11.9,-26.9
CGWKOL0166,Madhya Pradesh,Agarmalwa,Susner,Susner,Soyat(Deep),24.1472,76.1603,05-08-2024 18:00,3.63,27.05,-4.438,961.984,-11.9,-26.9
CGWKOL0166,Madhya Pradesh,Agarmalwa,Susner,Susner,Soyat(Deep),24.1472,76.1603,06-08-2024 00:00,3.63,26.99,-4.445,965.2,-11.9,-26.9
CGWKOL0166,Madhya Pradesh,Agarmalwa,Susner,Susner,Soyat(Deep),24.1472,76.1603,06-08-2024 06:00,3.63,26.97,-4.42,963.607,-11.9,-26.9
CGWKOL0166,Madhya Pradesh,Agarmalwa,Susner,Susner,Soyat(Deep),24.1472,76.1603,06-08-2024 12:00,3.63,26.99,-4.413,964.847,-11.9,-26.9
CGWKOL0166,Madhya Pradesh,Agarmalwa,Susner,Susner,Soyat(Deep),24.1472,76.1603,06-08-2024 18:00,3.63,26.97,-4.397,962.08,-11.9,-26.9
CGWKOL0166,Madhya Pradesh,Agarmalwa,Susner,Susner,Soyat(Deep),24.1472,76.1603,07-08-2024 00:00,3.63,26.99,-4.402,964.407,-11.9,-26.9
CGWKOL0166,Madhya Pradesh,Agarmalwa,Susner,Susner,Soyat(Deep),24.1472,76.1603,07-08-2024 06:00,3.63,26.99,-4.387,963.65,-11.9,-26.9
CGWKOL0166,Madhya Pradesh,Agarmalwa,Susner,Susner,Soyat(Deep),24.1472,76.1603,07-08-2024 12:00,3.63,26.99,-4.395,964.99,-11.9,-26.9
CGWKOL0166,Madhya Pradesh,Agarmalwa,Susner,Susner,Soyat(Deep),24.1472,76.1603,25-08-2024 06:00,3.69,27.05,-4.606,959.945,-11.9,-26.9
CGWKOL0166,Madhya Pradesh,Agarmalwa,Susner,Susner,Soyat(Deep),24.1472,76.1603,25-08-2024 12:00,3.69,27.05,-4.601,959.179,-11.9,-26.9
CGWKOL0166,Madhya Pradesh,Agarmalwa,Susner,Susner,Soyat(Deep),24.1472,76.1603,25-08-2024 18:00,3.69,27.1,-4.596,957.397,-11.9,-26.9
CGWKOL0166,Madhya Pradesh,Agarmalwa,Susner,Susner,Soyat(Deep),24.1472,76.1603,26-08-2024 00:00,3.69,27.1,-4.61,959.117,-11.9,-26.9
CGWKOL0166,Madhya Pradesh,Agarmalwa,Susner,Susner,Soyat(Deep),24.1472,76.1603,26-08-2024 06:00,3.69,27.05,-4.608,959.157,-11.9,-26.9
CGWKOL0166,Madhya Pradesh,Agarmalwa,Susner,Susner,Soyat(Deep),24.1472,76.1603,26-08-2024 12:00,3.69,27.07,-4.625,961.129,-11.9,-26.9
CGWKOL0166,Madhya Pradesh,Agarmalwa,Susner,Susner,Soyat(Deep),24.1472,76.1603,26-08-2024 18:00,3.69,27.05,-4.615,959.593,-11.9,-26.9
CGWKOL0166,Madhya Pradesh,Agarmalwa,Susner,Susner,Soyat(Deep),24.1472,76.1603,27-08-2024 00:00,3.69,27.05,-4.635,962.524,-11.9,-26.9
CGWKOL0166,Madhya Pradesh,Agarmalwa,Susner,Susner,Soyat(Deep),24.1472,76.1603,27-08-2024 06:00,3.69,27.1,-4.635,963.102,-11.9,-26.9
CGWKOL0166,Madhya Pradesh,Agarmalwa,Susner,Susner,Soyat(Deep),24.1472,76.1603,27-08-2024 12:00,3.69,27.1,-4.645,964.791,-11.9,-26.9
CGWKOL0166,Madhya Pradesh,Agarmalwa,Susner,Susner,Soyat(Deep),24.1472,76.1603,27-08-2024 18:00,3.69,27.1,-4.64,963.365,-11.9,-26.9
CGWKOL0166,Madhya Pradesh,Agarmalwa,Susner,Susner,Soyat(Deep),24.1472,76.1603,28-08-2024 00:00,3.69,27.07,-4.659,966.14,-11.9,-26.9
CGWKOL0166,Madhya Pradesh,Agarmalwa,Susner,Susner,Soyat(Deep),24.1472,76.1603,28-08-2024 06:00,3.69,27.05,-4.646,965.521,-11.9,-26.9
CGWKOL0166,Madhya Pradesh,Agarmalwa,Susner,Susner,Soyat(Deep),24.1472,76.1603,28-08-2024 12:00,3.69,27.1,-4.651,966.013,-11.9,-26.9
CGWKOL0166,Madhya Pradesh,Agarmalwa,Susner,Susner,Soyat(Deep),24.1472,76.1603,28-08-2024 18:00,3.69,27.16,-4.96,962.885,-11.9,-26.9
CGWKOL0166,Madhya Pradesh,Agarmalwa,Susner,Susner,Soyat(Deep),24.1472,76.1603,29-08-2024 00:00,3.69,27.07,-4.795,965.475,-11.9,-26.9
CGWKOL0166,Madhya Pradesh,Agarmalwa,Susner,Susner,Soyat(Deep),24.1472,76.1603,29-08-2024 06:00,3.69,27.03,-4.729,964.13,-11.9,-26.9
CGWKOL0166,Madhya Pradesh,Agarmalwa,Susner,Susner,Soyat(Deep),24.1472,76.1603,29-08-2024 12:00,3.69,27.12,-4.72,966.405,-11.9,-26.9
CGWKOL0166,Madhya Pradesh,Agarmalwa,Susner,Susner,Soyat(Deep),24.1472,76.1603,29-08-2024 18:00,3.69,27.1,-4.757,963.305,-11.9,-26.9
CGWKOL0166,Madhya Pradesh,Agarmalwa,Susner,Susner,Soyat(Deep),24.1472,76.1603,30-08-2024 00:00,3.69,27.14,-4.727,966.455,-11.9,-26.9
CGWKOL0166,Madhya Pradesh,Agarmalwa,Susner,Susner,Soyat(Deep),24.1472,76.1603,30-08-2024 06:00,3.53,27.03,-4.704,966.051,-11.9,-26.9
CGWKOL0166,Madhya Pradesh,Agarmalwa,Susner,Susner,Soyat(Deep),24.1472,76.1603,30-08-2024 12:00,3.53,27.07,-4.755,968.259,-11.9,-26.9
CGWKOL0166,Madhya Pradesh,Agarmalwa,Susner,Susner,Soyat(Deep),24.1472,76.1603,30-08-2024 18:00,3.53,27.14,-4.794,965.657,-11.9,-26.9
CGWKOL0166,Madhya Pradesh,Agarmalwa,Susner,Susner,Soyat(Deep),24.1472,76.1603,31-08-2024 00:00,3.53,27.03,-4.742,968.237,-11.9,-26.9
CGWKOL0166,Madhya Pradesh,Agarmalwa,Susner,Susner,Soyat(Deep),24.1472,76.1603,18-09-2024 06:00,3.53,27.07,-4.332,965.548,-11.9,-26.9
CGWKOL0166,Madhya Pradesh,Agarmalwa,Susner,Susner,Soyat(Deep),24.1472,76.1603,18-09-2024 12:00,3.53,27.1,-4.328,965.77,-11.9,-26.9
CGWKOL0166,Madhya Pradesh,Agarmalwa,Susner,Susner,Soyat(Deep),24.1472,76.1603,18-09-2024 18:00,3.53,27.07,-4.33,964.071,-11.9,-26.9
CGWKOL0166,Madhya Pradesh,Agarmalwa,Susner,Susner,Soyat(Deep),24.1472,76.1603,19-09-2024 00:00,3.53,27.1,-4.329,965.862,-11.9,-26.9
CGWKOL0166,Madhya Pradesh,Agarmalwa,Susner,Susner,Soyat(Deep),24.1472,76.1603,19-09-2024 06:00,3.59,27.14,-4.323,965.91,-11.9,-26.9
CGWKOL0166,Madhya Pradesh,Agarmalwa,Susner,Susner,Soyat(Deep),24.1472,76.1603,19-09-2024 12:00,3.59,27.14,-4.317,966.904,-11.9,-26.9
CGWKOL0166,Madhya Pradesh,Agarmalwa,Susner,Susner,Soyat(Deep),24.1472,76.1603,19-09-2024 18:00,3.59,27.12,-4.309,964.939,-11.9,-26.9
CGWKOL0166,Madhya Pradesh,Agarmalwa,Susner,Susner,Soyat(Deep),24.1472,76.1603,20-09-2024 00:00,3.59,27.12,-4.312,966.42,-11.9,-26.9
CGWKOL0166,Madhya Pradesh,Agarmalwa,Susner,Susner,Soyat(Deep),24.1472,76.1603,20-09-2024 06:00,3.59,27.07,-4.308,966.384,-11.9,-26.9
CGWKOL0166,Madhya Pradesh,Agarmalwa,Susner,Susner,Soyat(Deep),24.1472,76.1603,20-09-2024 12:00,3.59,27.05,-4.315,967.995,-11.9,-26.9
CGWKOL0166,Madhya Pradesh,Agarmalwa,Susner,Susner,Soyat(Deep),24.1472,76.1603,20-09-2024 18:00,3.59,27.12,-4.309,965.217,-11.9,-26.9
CGWKOL0166,Madhya Pradesh,Agarmalwa,Susner,Susner,Soyat(Deep),24.1472,76.1603,21-09-2024 00:00,3.59,27.1,-4.314,967.542,-11.9,-26.9
CGWKOL0166,Madhya Pradesh,Agarmalwa,Susner,Susner,Soyat(Deep),24.1472,76.1603,21-09-2024 06:00,3.59,27.1,-4.308,967.935,-11.9,-26.9
CGWKOL0166,Madhya Pradesh,Agarmalwa,Susner,Susner,Soyat(Deep),24.1472,76.1603,21-09-2024 12:00,3.59,27.12,-4.318,969.246,-11.9,-26.9
CGWKOL0166,Madhya Pradesh,Agarmalwa,Susner,Susner,Soyat(Deep),24.1472,76.1603,21-09-2024 18:00,3.59,27.1,-4.312,966.113,-11.9,-26.9
CGWKOL0166,Madhya Pradesh,Agarmalwa,Susner,Susner,Soyat(Deep),24.1472,76.1603,22-09-2024 00:00,3.59,27.05,-4.322,968.708,-11.9,-26.9
CGWKOL0166,Madhya Pradesh,Agarmalwa,Susner,Susner,Soyat(Deep),24.1472,76.1603,22-09-2024 06:00,3.59,27.1,-4.306,968.013,-11.9,-26.9
CGWKOL0166,Madhya Pradesh,Agarmalwa,Susner,Susner,Soyat(Deep),24.1472,76.1603,22-09-2024 12:00,3.59,27.14,-4.305,968.354,-11.9,-26.9
CGWKOL0166,Madhya Pradesh,Agarmalwa,Susner,Susner,Soyat(Deep),24.1472,76.1603,22-09-2024 18:00,3.59,27.12,-4.3,965.265,-11.9,-26.9
CGWKOL0166,Madhya Pradesh,Agarmalwa,Susner,Susner,Soyat(Deep),24.1472,76.1603,23-09-2024 00:00,3.59,27.14,-4.311,967.276,-11.9,-26.9
CGWKOL0166,Madhya Pradesh,Agarmalwa,Susner,Susner,Soyat(Deep),24.1472,76.1603,23-09-2024 06:00,3.59,27.12,-4.31,967.529,-11.9,-26.9
CGWKOL0166,Madhya Pradesh,Agarmalwa,Susner,Susner,Soyat(Deep),24.1472,76.1603,23-09-2024 12:00,3.59,27.07,-4.331,968.337,-11.9,-26.9
CGWKOL0166,Madhya Pradesh,Agarmalwa,Susner,Susner,Soyat(Deep),24.1472,76.1603,23-09-2024 18:00,3.59,27.12,-4.404,964.654,-11.9,-26.9
CGWKOL0166,Madhya Pradesh,Agarmalwa,Susner,Susner,Soyat(Deep),24.1472,76.1603,24-09-2024 00:00,3.59,27.03,-4.403,966.486,-11.9,-26.9
CGWKOL0166,Madhya Pradesh,Agarmalwa,Susner,Susner,Soyat(Deep),24.1472,76.1603,24-09-2024 06:00,3.59,27.07,-4.376,966.113,-11.9,-26.9
CGWKOL0166,Madhya Pradesh,Agarmalwa,Susner,Susner,Soyat(Deep),24.1472,76.1603,24-09-2024 12:00,3.59,27.1,-4.379,966.648,-11.9,-26.9
CGWKOL0166,Madhya Pradesh,Agarmalwa,Susner,Susner,Soyat(Deep),24.1472,76.1603,24-09-2024 18:00,3.59,27.1,-4.466,963.153,-11.9,-26.9
CGWKOL0166,Madhya Pradesh,Agarmalwa,Susner,Susner,Soyat(Deep),24.1472,76.1603,25-09-2024 00:00,3.59,27.1,-4.462,964.864,-11.9,-26.9
CGWKOL0166,Madhya Pradesh,Agarmalwa,Susner,Susner,Soyat(Deep),24.1472,76.1603,25-09-2024 06:00,3.59,27.1,-4.442,964.888,-11.9,-26.9
CGWKOL0166,Madhya Pradesh,Agarmalwa,Susner,Susner,Soyat(Deep),24.1472,76.1603,25-09-2024 12:00,3.59,27.07,-4.439,965.828,-11.9,-26.9
CGWKOL0166,Madhya Pradesh,Agarmalwa,Susner,Susner,Soyat(Deep),24.1472,76.1603,25-09-2024 18:00,3.59,27.1,-4.545,962.925,-11.9,-26.9
CGWKOL0166,Madhya Pradesh,Agarmalwa,Susner,Susner,Soyat(Deep),24.1472,76.1603,26-09-2024 00:00,3.59,27.05,-4.495,964.651,-11.9,-26.9
